subject,relation,object,document,label (fill: STATED or NOT_STATED)
The Spook Who Sat by the Door,starred_actors,Lawrence Cook,"The Spook Who Sat by the Door is a 1973 film based on the 1969 novel of the same name by Sam Greenlee. It is both a satire of the civil rights struggle in the United States of the late 1960s and a serious attempt to focus on the issue of black militancy. Dan Freeman, the titular protagonist, is enlisted in the Central Intelligence Agency's elitist espionage program as its token black. After m Directed by Ivan Dixon, co-produced by Dixon and Greenlee, from a screenplay written by Greenlee with Mel Clay, the film starred Lawrence Cook, Paula Kelly, Janet League, J. A. Preston, and David Lemieux.",
The Virgin Suicides,written_by,Sofia Coppola,"The Virgin Suicides is the 1993 debut novel by American writer Jeffrey Eugenides. The story, which is set in Grosse Pointe, Michigan during the 1970s, centers on the lives of five sisters. The Lisbon girls fascinate their community as their neighbors struggle to find an explanation for their acts. The book's first chapter appeared in of ""The Paris Review"" (Winter 1990), where it won the 1991 Aga Khan Prize for Fiction. The novel was adapted into a 1999 film by director Sofia Coppola.",
The Invisible War,starred_actors,Kirby Dick,"The Invisible War is a 2012 documentary film written and directed by Kirby Dick and produced by Amy Ziering and Tanner King Barklow about sexual assault in the United States military. It premiered at the 2012 Sundance Film Festival, where it received the U.S. Documentary Audience Award. The film was nominated for Best Documentary Feature at the 85th Academy Awards.",
Below,has_genre,Horror,"Below is a 2002 World War II horror film directed by David Twohy. It was written by Lucas Sussman, Darren Aronofsky and David Twohy, and stars Bruce Greenwood, Olivia Williams, Matthew Davis, Holt McCallany, Scott Foley, Zach Galifianakis, Jason Flemyng and Dexter Fletcher. It was filmed on location in Lake Michigan (for exteriors, using the World War II-era U.S. Navy submarine, USS ""Silversides"") and at Pinewood Studios.",
Post Mortem,written_by,Pablo Larraín,"Post Mortem is a 2010 Chilean film directed by Pablo Larraín and set during the 1973 military coup that overthrew former President Salvador Allende, inaugurating the 17-year dictatorship of Augusto Pinochet. The film competed in the 67th Venice International Film Festival, Antofagasta Film Festival, Havana Film Festival and the Guadalajara International Film Festival. The film's main character ""Mario Cornejo"" is based on a real person with the same name.",
Romanzo Criminale,written_by,Michele Placido,"Romanzo criminale (, ""Criminal Novel"") is an Italian-language film released in 2005, directed by Michele Placido, a criminal drama, it was highly acclaimed and won 15 awards. It is based on Giancarlo De Cataldo's 2002 novel, which is in turn inspired by the Banda della Magliana true story. The Magliana gang was one of the most powerful Italian criminal associations, dominating Rome's drug, gambling and other kinds of crime activities from the early 1970s to 1992 (death of Enrico De Pedis).",
Marie Antoinette,written_by,Stefan Zweig,"Marie Antoinette is a 1938 film produced by Metro-Goldwyn-Mayer. It was directed by W. S. Van Dyke and starred Norma Shearer as Marie Antoinette. Based upon of the ill-fated Queen of France by the Austrian writer Stefan Zweig, it had its Los Angeles premiere at the legendary Carthay Circle Theatre, where the landscaping was specially decorated for the event. The film was the last project of Irving Thalberg who died in 1936 while it was in the planning stage.",
This Island Earth,written_by,Raymond F. Jones,"This Island Earth is a 1955 American science fiction film directed by Joseph M. Newman. It is based on the novel of the same name by Raymond F. Jones. The film stars Jeff Morrow as the alien Exeter, Faith Domergue as Dr. Ruth Adams, and Rex Reason as Dr. Cal Meacham. In 1996, ""This Island Earth"" was edited down and lampooned in the film """". However, upon its initial release, the film was praised by critics, who cited the special effects, well-written script and eye-popping color (prints by Technicolor) as being its major assets.",
Factotum,written_by,Charles Bukowski,"Factotum is a 2005 film directed by Bent Hamer, adapted from the novel of the same name by Charles Bukowski. The script also makes use of Bukowski's poems published in ""What Matters Is How Well You Walk Through the Fire"" and ""The Days Run Aways Like Horses Over the Hill"" as well as some of Bukowski's notebook entries published in ""The Captain Is Out to Lunch and the Sailors Have Taken Over the Ship"". For example, Matt Dillon reads the poem ""Roll The Dice"" (from the book ""What Matters Is How Well You Walk Through the Fire"") in a voiceover at the end of the film.",
Cold Mountain,written_by,Charles Frazier,"Cold Mountain is a 2003 epicwar drama film written and directed by Anthony Minghella. The film is based on the bestselling novel of the same name by Charles Frazier. It stars Jude Law, Nicole Kidman, and Renée Zellweger in leading roles as well as Natalie Portman, Philip Seymour Hoffman, Melora Walters, Jena Malone, Donald Sutherland, Brendan Gleeson, Jack White, Kathy Baker and Giovanni Ribisi in supporting roles. The film tells the story of a wounded deserter from the Confederate army close to the end of the American Civil War who is on his way to return to the love of his life.",
Europa Europa,in_language,German,"Europa Europa is a 1990 film directed by Agnieszka Holland. Its original German title is Hitlerjunge Salomon, i.e. ""Hitler Boy Salomon"". It is based on the 1989 autobiography of Solomon Perel, a German Jewish boy who escaped the Holocaust by masquerading not just as a non-Jew, but as an elite ""Aryan"" German. The film stars Marco Hofschneider as Perel; Perel appears briefly as himself in the finale. The film is an international co-production between CCC Film and companies in France and Poland.",
Tank Girl,written_by,Jamie Hewlett,"Tank Girl is a 1995 American science fiction action comedy film loosely based on the ""Tank Girl"" comic book created by Alan Martin and Jamie Hewlett. It was directed by Rachel Talalay and stars Lori Petty as Rebecca Buck, aka the eponymous Tank Girl, who had originally appeared in the UK comic magazine ""Deadline"". The film was met with mixed reviews from critics, and was financially unsuccessful; despite this, it gained a cult following in later years. The film's soundtrack was assembled by Hole frontwoman Courtney Love.",
Tank Girl,written_by,Alan Martin,"Tank Girl is a 1995 American science fiction action comedy film loosely based on the ""Tank Girl"" comic book created by Alan Martin and Jamie Hewlett. It was directed by Rachel Talalay and stars Lori Petty as Rebecca Buck, aka the eponymous Tank Girl, who had originally appeared in the UK comic magazine ""Deadline"". The film was met with mixed reviews from critics, and was financially unsuccessful; despite this, it gained a cult following in later years. The film's soundtrack was assembled by Hole frontwoman Courtney Love.",
The Amazing Spider-Man 2,written_by,Roberto Orci,"The Amazing Spider-Man 2 (released with the subtitle Rise of Electro in some markets) is a 2014 American superhero film featuring the Marvel Comics character Spider-Man, directed by Marc Webb and released by Columbia Pictures. It serves as a sequel to the 2012 film ""The Amazing Spider-Man"" and was announced in 2011. The studio hired James Vanderbilt to write the screenplay and Alex Kurtzman and Roberto Orci to rewrite it. Andrew Garfield, Emma Stone, Jamie Foxx, Dane DeHaan, Campbell Scott, Embeth Davidtz, Colm Feore, Paul Giamatti, and Sally Field star.",
Chance Pe Dance,written_by,Ken Ghosh,"Chance Pe Dance (, ""Chance to Dance"") is a Bollywood dance/drama film starring Shahid Kapoor and Genelia D'Souza. It is directed by Ken Ghosh and produced by Ronnie Screwvala under his banner, UTV Motion Pictures. The film was released on 15 January 2010 and failed to make a mark at the box-office. [2]. The film's working title was ""Yahoo"" and another title, ""Star"", was also considered. Also the film was shot halfway through with Jiah Khan as the heroine, but was later replaced by Genelia D'Souza. The film is inspired by the Step Up movie trilogies and School of Rock.",
Juliet of the Spirits,in_language,Italian,"Juliet of the Spirits () is a 1965 Italian-French fantasy comedy-drama film directed by Federico Fellini and starring Giulietta Masina, Sandra Milo, Mario Pisu, Valentina Cortese, and Valeska Gert. The film is about the visions, memories, and mysticism of a middle-aged woman that help her find the strength to leave her philandering husband. The film uses ""caricatural types and dream situations to represent a psychic landscape."" It was Fellini's first feature-length color film, but followed his use of color in ""The Temptation of Doctor Antonio"" in the portmanteau film ""Boccaccio '70"" (1962).",
Night Patrol,written_by,Murray Langston,"Night Patrol is a 1984 movie starring Linda Blair, Pat Paulsen, Andrew Dice Clay, Billy Barty, and Murray Langston.",
Tinker Tailor Soldier Spy,written_by,John le Carré,"Tinker Tailor Soldier Spy is a 2011 Cold War espionage film directed by Tomas Alfredson. The screenplay was written by Bridget O'Connor and Peter Straughan, based on the 1974 novel of the same name by John le Carré. It stars Gary Oldman as George Smiley, along with Colin Firth, Tom Hardy, John Hurt, Toby Jones, Mark Strong, Benedict Cumberbatch and Ciarán Hinds. Set in London in the early 1970s, the story follows the hunt for a Soviet double agent at the top of the British secret service. The film was produced through the British company Working Title Films and financed by France's StudioCanal.",
Crazy Love,starred_actors,Burt Pugach,"Crazy Love is a 2007 American documentary film directed by Dan Klores and Fisher Stevens. The screenplay by Klores explores the troubled relationship between New York City attorney Burt Pugach and his ten-years-younger girlfriend Linda Riss, who was blinded and permanently scarred when thugs hired by Pugach threw lye in her face.",
Murphy's War,written_by,Max Catto,"Murphy's War is a 1971 war film starring Peter O'Toole. It was directed by Peter Yates and, while it has much in common with ""The African Queen"", it is based on a novel by Max Catto. The cinematography was by Douglas Slocombe.",
The Great Raid,in_language,Filipino,"The Great Raid is a 2005 war film about the Raid at Cabanatuan on the island of Luzon, Philippines during World War II. It is directed by John Dahl and stars Benjamin Bratt, Joseph Fiennes, James Franco, Connie Nielsen, Motoki Kobayashi and Cesar Montano. The principal photography took place from July 4, to November 6, 2002, but its release was delayed several times from the original target of fall 2003. The film is adapted from two books, William The real-life efforts of Filipino guerrillas are also specifically highlighted, especially a stand at a bridge that delayed Japanese reinforcements.",
Comes a Bright Day,has_genre,Romance,"Comes A Bright Day is a British film. The film was written and directed by Simon Aboud, starring Craig Roberts, Imogen Poots, Kevin McKidd and Timothy Spall. ""Comes A Bright Day"" is Aboud's directorial debut. The film is to be a mix of genres; a darkly comic thriller, involving a romance set within a heist and is a story about searching for the hidden gems that make life infinitely richer.",
Leonard Part 6,written_by,Bill Cosby,"Leonard Part 6 is a 1987 comedy film that parodies spy movies. It was directed by Paul Weiland and starred Bill Cosby, who also produced the film and wrote its story. The movie also starred Joe Don Baker and Gloria Foster, the latter of whom played the villain. The movie was filmed in the San Francisco Bay Area, and was rated PG by the Motion Picture Association of America. It earned several Golden Raspberry Awards; Cosby himself denounced and disowned it in the press in the weeks leading up to its release.",
Eastern Plays,written_by,Kamen Kalev,"Eastern Plays (, ""Iztochni piesi"") is a 2009 Bulgarian drama film. The feature-length debut of young Bulgarian director, La Fémis graduate Kamen Kalev, ""Eastern Plays"" features Hristo Hristov, Ovanes Torosyan, Saadet Aksoy and Nikolina Yancheva. The film debuted at the 2009 Cannes Film Festival's Directors' Fortnight, though regular showings in Bulgaria began on 16 October 2009.",
Easy Wheels,written_by,David O'Malley,"Easy Wheels was written by Ivan Raimi and his brother Sam Raimi, and directed by David O'Malley. It was produced between ""Evil Dead II"" and ""Darkman"", and released in 1989. It is an intentional satire of the Outlaw biker film genre. It follows two biker gangs, one male and one female. The male biker gang are the ""Born Losers"". They are good guys with three missions in life: Find the evil, Destroy the evil, and find a really great lite beer. Their leader, played by Paul LeMat, has visions because of a steel plate in his head. He is being studied by one of his fellow bikers, who is from MIT.",
Irma Vep,in_language,French,"Irma Vep is a 1996 film directed by the French director Olivier Assayas, starring Hong Kong actress Maggie Cheung (playing herself) in a story about the disasters that result as a middle-aged French film director (played by Jean-Pierre Léaud) attempts to remake Louis Feuillade's classic silent film serial ""Les vampires"". Taking place as it does largely through the eyes of a foreigner (Cheung), it is also a meditation on the state of the French film industry at that time. The film was screened in the Un Certain Regard section at the 1996 Cannes Film Festival.",
Elite Squad,written_by,André Batista,"Elite Squad (, lit. ""Elite Troop"") is a 2007 Brazilian crime film directed by José Padilha. The film is a semi-fictional account of the ""Batalhão de Operações Policiais Especiais"" (BOPE), the Special Police Operations Squad of the Rio de Janeiro Military Police, analogous to the American SWAT teams. It is the second feature film and first fiction film of Padilha, who had previously directed the documenta The script was written by Bráulio Mantovani and Padilha, based on the book ""Elite da Tropa"" by sociologist Luiz Eduardo Soares and two former BOPE captains, André Batista and Rodrigo Pimentel.",
The Long Voyage Home,has_genre,War,"The Long Voyage Home is a 1940 American drama film directed by John Ford. It features John Wayne, Thomas Mitchell, Ian Hunter, Barry Fitzgerald, Wilfrid Lawson, John Qualen, Mildred Natwick, and Ward Bond, among others. The film was adapted by Dudley Nichols from the plays ""The Moon of the Caribbees"", ""In the Zone"", ""Bound East for Cardiff"", and ""The Long Voyage Home"" by Eugene O'Neill. The original plays by Eugene O'Neill were written around the time of World War I and were among his earliest plays. Ford set the story for the motion picture, however, during World War II.",
Cold Prey 2,written_by,Roar Uthaug,"Cold Prey 2: Resurrection () is a 2008 Norwegian slasher film, directed by Mats Stenberg. It is the sequel to the highly successful ""Cold Prey"" (""Fritt Vilt""), and premiered in Norway on 10 October 2008. It was directed by Roar Uthaug and starred Ingrid Bolsø Berdal in the leading role. The film picks up where the first left off. The female protagonist is picked up in the wilderness and brought to a hospital, but soon her nightmare starts all over again. Reviewers, though not overwhelmed, declared it a surprisingly good sequel to the original.",
Becoming Jane,in_language,English,"Becoming Jane is a 2007 British-Irish historical biographical film directed by Julian Jarrold. It depicts the early life of English author Jane Austen and her perpetual love and regret with Thomas Langlois Lefroy. American actress Anne Hathaway stars as the titular character, while her romantic interest is played by Scottish actor James McAvoy. Also appearing in the film are Julie Walters, James Cromwell, and Maggie Smith. The film was produced in cooperation with several companies, including Ecosse Films and Blueprint Pictures.",
New York Stories,written_by,Francis Ford Coppola,"New York Stories is a 1989 anthology film; it consists of three shorts with the central theme being New York City. The first is ""Life Lessons"", directed by Martin Scorsese, written by Richard Price and starring Nick Nolte. The second is ""Life Without Zoë"", directed by Francis Ford Coppola and written by Coppola with his daughter, Sofia Coppola. The last is ""Oedipus Wrecks"", directed, written by and starring Woody Allen. This film also stars (a then-unknown) Kirsten Dunst as Mia Farrow's character's daughter and also Dunst's film debut.",
Clean,in_language,French,"Clean is a 2004 low-budget film directed by French director Olivier Assayas, starring Nick Nolte and Maggie Cheung. It was jointly funded by Canada, France, and United Kingdom sources.",
First Love,in_language,Italian,"First Love (Primo Amore in Italian) is a 2004 film directed by Matteo Garrone and Massimo Gaudioso, based on a novel by Marco Mariolini. The film deals with anorexia nervosa. This film has not been rated by the MPAA.",
Up,written_by,Bob Peterson,"Up is a 2009 American 3D computer-animated comedy-adventure film produced by Pixar Animation Studios and released by Walt Disney Pictures. Directed by Pete Docter, the film centers on an elderly widower named Carl Fredricksen (voiced by Edward Asner) and an earnest young Wilderness Explorer named Russell (Jordan Nagai). By tying thousands of balloons to his home, 78-year-old Carl sets out to fulfill his lifelong dream to see the wilds of South America and to complete a promise made to his lifelong love. The film was co-directed by Bob Peterson, with music composed by Michael Giacchino.",
Raffles,in_language,English,"Raffles (1930) is a comedy-mystery film produced by Samuel Goldwyn. It stars Ronald Colman as the titular character, a proper English gentleman who moonlights as a notorious jewel thief, and Kay Francis as his love interest. It is based on the 1906 play ""Raffles, the Amateur Cracksman"" by E. W. Hornung and Eugene Wiley Presbrey, which was in turn adapted from the 1899 novel of the same name by Hornung. Oscar Lagerstrom was nominated for an Academy Award for Sound, Recording.",
Altiplano,written_by,Peter Brosens,"Altiplano is a film by Peter Brosens and Jessica Woodworth starring Magaly Solier, Jasmin Tabatabai and Olivier Gourmet. It takes places on three continents in five different languages. It tells the stories of two women in mourning and how their destinies merge.",
The Ballad of Nessie,written_by,Stevie Wermers,"The Ballad of Nessie is a 2011 traditionally animated short film produced by Walt Disney Animation Studios. It was directed by Stevie Wermers-Skelton and Kevin Deters, and produced by the team behind ""How to Hook Up Your Home Theater"". The short, narrated by Billy Connolly, is a Disney adaptation of the origin of the Loch Ness Monster, Nessie.",
New York Stories,written_by,Sofia Coppola,"New York Stories is a 1989 anthology film; it consists of three shorts with the central theme being New York City. The first is ""Life Lessons"", directed by Martin Scorsese, written by Richard Price and starring Nick Nolte. The second is ""Life Without Zoë"", directed by Francis Ford Coppola and written by Coppola with his daughter, Sofia Coppola. The last is ""Oedipus Wrecks"", directed, written by and starring Woody Allen. This film also stars (a then-unknown) Kirsten Dunst as Mia Farrow's character's daughter and also Dunst's film debut.",
Whisper of the Heart,written_by,Aoi Hiiragi,"is a 1995 Japanese animated drama film directed by Yoshifumi Kondō and written by Hayao Miyazaki based on the 1989 manga of the same name by Aoi Hiiragi. The film stars Yoko Honna, Issei Takahashi, Takashi Tachibana, Shigeru Muroi, Shigeru Tsuyuguchi and Keiju Kobayashi. It was the first theatrical Studio Ghibli film to be directed by someone other than Miyazaki or Isao Takahata. ""Whisper of the Heart"" was Kondō's only film as director before his death in 1998. Studio Ghibli had hoped that Kondō would become the successor to Miyazaki and Takahata.",
Uncle Buck,written_by,John Hughes,"Uncle Buck is a 1989 John Hughes comedy film starring John Candy and Amy Madigan, with Jean Louisa Kelly, Gaby Hoffmann, Macaulay Culkin, Jay Underwood, and Laurie Metcalf in supporting roles.",
Youth Without Youth,written_by,Mircea Eliade,"Youth Without Youth is a 2007 fantasy drama film written and directed by Francis Ford Coppola, based on the novella of the same name by Romanian author Mircea Eliade. It was the first film that Coppola had directed in ten years since 1997's ""The Rainmaker"". It was distributed through Sony Pictures Classics in the United States on December 14, 2007 and Pathé in the UK and France. The music was composed by Grammy Award-winning Argentinan classical composer Osvaldo Golijov.",
Altiplano,written_by,Jessica Woodworth,"Altiplano is a film by Peter Brosens and Jessica Woodworth starring Magaly Solier, Jasmin Tabatabai and Olivier Gourmet. It takes places on three continents in five different languages. It tells the stories of two women in mourning and how their destinies merge.",
Superstar,written_by,Molly Shannon,"Superstar is a 1999 comedy film and ""Saturday Night Live"" spin-off about a quirky, socially inept girl named Mary Katherine Gallagher. The character was created by ""SNL"" star Molly Shannon and appeared as a recurring character on ""SNL"" in numerous skits. The story follows Mary Katherine trying to find her place in her Roman Catholic private school. The movie is directed by former ""The Kids in the Hall"" member Bruce McCulloch. It stars Molly Shannon, Will Ferrell, Harland Williams, and Elaine Hendrix.",
The Milk of Sorrow,written_by,Claudia Llosa,"The Milk of Sorrow (, The frightened teat) is a 2009 film by Peruvian director Claudia Llosa and co-produced by Peru and Spain. The film stars Magaly Solier, and addresses the fears of abused women during Peru's recent history. It won the 2009 Golden Bear award and FIPRESCI prize at the Berlin International Film Festival, as well as the award for best movie in the 24 Festival Internacional de Cine de Guadalajara in Mexico. It was nominated for the 82nd Academy Awards for Best Foreign Language Film, becoming the first Peruvian film to be nominated for the award.",
Chimpanzee,written_by,Alastair Fothergill,"Chimpanzee is a 2012 nature documentary film about a young common chimpanzee named Oscar who finds himself alone in the African forests until he is adopted by another chimpanzee who takes him in and raises him like his own child. The U.S. release of the film is narrated by Tim Allen. The film was released by Disneynature and directed by Alastair Fothergill and Mark Linfield. It is the sixth film produced by the Disneynature label, following ""Earth"", """", ""Oceans"", ""African Cats"" and ""Wings of Life"", and was released in theaters on April 20, 2012 just before Earth Day, April 22.",
Picnic at Hanging Rock,written_by,Joan Lindsay,"Picnic at Hanging Rock is a 1975 Australian drama and mystery film directed by Peter Weir and starring Anne-Louise Lambert, Helen Morse, Rachel Roberts, Vivean Gray and Dominic Guard. The film was adapted by Cliff Green from the 1967 novel of the same name by Joan Lindsay. The film relates the story of the disappearance of several schoolgirls and their teacher during a picnic to Hanging Rock on St. Valentine's Day in 1900, and the subsequent effect on the local community. ""Picnic at Hanging Rock"" was a commercial and critical success.",
Four Shades of Brown,written_by,Robert Gustafsson,"Four Shades of Brown () is a 2004 Swedish film written by the comedy group Killinggänget and directed by their member Tomas Alfredson. The film stars Robert Gustafsson, Johan Rheborg, Henrik Schyffert, Jonas Inde, Maria Kulle and Ulf Brunnberg. The film consists four interweaved stories about life tragedies, with settlements related to fatherhood as the common theme. It was produced by Sveriges Television. The film won four Guldbagge Awards including Best Director and Best Actor for Gustafsson.",
Ugly,release_year,2013,"Ugly is an upcoming Hindi psychological thriller and an emotional drama film written and directed by Anurag Kashyap. The film was screened in the Directors' Fortnight section at the 2013 Cannes Film Festival. The film also opened the 2014 New York Indian Film Festival The film stars Girish Kulkarni, Ronit Roy, Tejaswini Kolhapure, Vinit Kumar Singh, Surveen Chawla and Vipin Sharma in pivotal roles. The film will also feature model turned TV actor Rahul Bhat in an important role. The film is produced by DAR Motion Pictures and Phantom Films . The digital poster of the film was released on May 8.",
Tales of Ordinary Madness,written_by,Charles Bukowski,"Tales of Ordinary Madness (it: Storie di ordinaria follia) (fr: Contes de la folie ordinaire) is a 1981 film by Italian director Marco Ferreri. It was shot in English in the USA, featuring Ben Gazzara and Ornella Muti in the leading roles. The film's title and subject matter are based on the works and the person of US poet Charles Bukowski, including the short story ""The Most Beautiful Woman in Town"" (published by City Lights Publishing in the 1972 collection ""Erections, Ejaculations, Exhibitions, and General Tales of Ordinary Madness"").",
Boarding Gate,in_language,French,"Boarding Gate is a 2007 French thriller film about the sophisticated power plays between a debt-ridden underworld entrepreneur, his provocative and ambitious ex-associate and a manipulative young couple who employ her. Written and directed by Olivier Assayas, the film features an international cast comprising Asia Argento, Michael Madsen, Carl Ng and Kelly Lin. Kim Gordon, of the band ""Sonic Youth"", also plays a supporting role as an enigmatic businesswoman forced to intervene as events unfold in Hong Kong.",
Naughty Marietta,written_by,Rida Johnson Young,"Naughty Marietta is a 1935 film based on the operetta ""Naughty Marietta"" by Victor Herbert. Jeanette MacDonald stars as a princess who flees an arranged marriage. She sails for New Orleans and is rescued from pirates by Captain Richard Warrington (Nelson Eddy). Five of Victor Herbert's most famous songs come from the score of ""Naughty Marietta"", with words by lyricist Rida Johnson Young: Sentence #5 (19 tokens):",
Second Skin,written_by,Gerardo Vera,"Second Skin (original Spanish title: Segunda piel) is a 1999 gay film by Spanish director Gerardo Vera, starring Javier Bardem, and Jordi Mollà and Ariadna Gil serves as supporting characters. The film is available on DVD in Spain.",
Smilin' Through,starred_actors,Norma Shearer,"Smilin' Through is a 1922 silent film based on the 1919 play of the same name, written by Jane Cowl and Jane Murfin (together under the pseudonym Alan Langdon Martin). The film starred Norma Talmadge, Harrison Ford, and Wyndham Standing. It was co-written and directed by Sidney Franklin, who also directed the more famous 1932 remake at MGM. The film was produced by Talmadge and her husband Joseph M. Schenck for her company, the Norma Talmadge Film Corporation.  The story was an especially popular one and was filmed twice more by MGM: in 1932 with Norma Shearer and 1941 with Jeanette MacDonald.",
Confessions of a Window Cleaner,written_by,Val Guest,"Confessions of a Window Cleaner is a 1974 British sex comedy film, directed by Val Guest. Like the other films in the ""Confessions"" series; ""Confessions of a Pop Performer"", ""Confessions of a Driving Instructor"" and ""Confessions from a Holiday Camp"", it concerns the erotic adventures of Timothy Lea, based on the novels written under that name by Christopher Wood. Each film features Robin Askwith and Antony Booth.",
Maytime,written_by,Rida Johnson Young,"Maytime is a 1937 American musical romantic drama film distributed by MGM. It was directed by Robert Z. Leonard and stars Jeanette MacDonald and Nelson Eddy. The screenplay was rewritten from the book for Sigmund Romberg's 1917 operetta ""Maytime"" by Rida Johnson Young, Romberg's librettist; however, only one musical number by Romberg was retained. The film's storyline greatly resembles that of Noël Coward's operetta ""Bitter Sweet"", right down to the ""frame story"" surrounding the main plot.",
Seven Thieves,written_by,Max Catto,"Seven Thieves is a 1960 20th Century Fox film noir crime drama motion picture shot in CinemaScope. It stars Edward G. Robinson, Rod Steiger and Joan Collins. Directed by Henry Hathaway and produced by Sydney Boehm, it was adapted for the screen by Sydney Boehm, based on the novel ""The Lions At The Kill"" by Max Catto. Technical advisor was Candy Barr, who, as choreographer, taught dance routines to Collins. ""Seven Thieves"" received an Academy Award nomination for Best Costume Design Black-and-White (Bill Thomas).",
The Forger,written_by,Lawrence Roeck,"The Forger is a light-drama film about art forgery, released in 2012 starring Lauren Bacall, Alfred Molina, Dina Eastwood, Hayden Panettiere and Josh Hutcherson. The film is produced by Michael-Ryan Fletchall and Craig Comstock, directed by Lawrence Roeck, and written by Carlos De Los Rios.",
To Kill a Priest,written_by,Agnieszka Holland,"To Kill a Priest is a 1988 drama film directed by Agnieszka Holland. The film tells a story based on the murder, under the Polish communist regime, of priest Jerzy Popiełuszko. It stars Christopher Lambert as a fictionalized version of Popiełuszko and Ed Harris as the secret police captain set to assassinate him.",
My Sassy Girl,starred_actors,Elisha Cuthbert,"My Sassy Girl (; literally, ""That Bizarre Girl"") is a 2001 South Korean romantic comedy film directed by Kwak Jae-yong. It tells the story of a man's chance meeting with a drunk girl on the train which changes his life. It is ostensibly based on a true story posted on the internet in a series of blog posts written by Kim Ho-sik, which was later adapted into a novel. The film was extremely successful in South Korea and was the highest grossing Korean comedy of all time. An American remake, starring Jesse Bradford and Elisha Cuthbert, and directed by Yann Samuell was released in 2008.",
Toomorrow,written_by,Val Guest,"Toomorrow is a 1970 British musical film starring Olivia Newton-John, and directed by Val Guest.",
